1,"Fox Film Corporation"
2,"Warner Bros."
3,"The Archers"
4,"Panitalia"
5,"Universal International Pictures (UI or U-I)"
6,"Paramount Pictures"
7,"Paritalia"
8,"Filmgroup"
9,"20th Century Fox"
10,"Hal Wallis Productions"
11,"Metro-Goldwyn-Mayer (MGM)"
12,"Atlas"
13,"Columbia Pictures Corporation"
14,"Joel Productions"
15,"American International Pictures (AIP)"
16,"Brotherhood Company"
17,"Oudine Productions"
18,"Claude Productions"
19,"Sports of the Century"
20,"Belafonte Enterprises"
21,"Love Story Company"
22,"Gramercy Pictures"
23,"Faraway Productions"
24,"Jack Rollins & Charles H. Joffe Productions"
25,"Batjac Productions"
26,"BBS Productions"
27,"Universal Pictures"
28,"Hemdale"
29,"The Corman Company"
30,"Norlan Productions"
31,"Cinema Center 100 Productions"
32,"Dreamland"
33,"Concord Productions Inc."
34,"Zem Produtora Cinematografica"
35,"A.D. Creation"
36,"Film and General Productions"
37,"WW Entertainment"
38,"Lucasfilm Ltd."
39,"Argos Films"
40,"Alexander Salkind"
41,"Zoetrope Studios"
42,"Century Associates"
43,"Amblin Entertainment"
44,"CineFlics"
45,"A-Train Films"
46,"Embassy International Pictures"
47,"Globe Films"
48,"Beyond Infinity"
49,"Ditirambo Films"
50,"Akira Committee Company, Ltd."
51,"SC Entertainment"
52,"Cristaldifilm"
53,"Cinecittà [it]"
54,"American Playhouse"
55,"Troma Films"
56,"Allied Cine Group Pic II"
57,"Renaissance Films"
58,"Timothy Burrill Productions Limited"
59,"L.A. Dreams Productions"
60,"Concorde-New Horizons"
61,"Media Asia"
62,"Executive Cine TV"
63,"Fidelity Productions"
64,"Azimuth"
65,"Burrill Productions"
66,"The Disney Channel"
67,"Lamb Bear Entertainment"
68,"Boy Toy Productions"
69,"Star Entertainment Group Inc."
70,"Citadel Pictures"
71,"Airtight Filmworks"
72,"Covert Productions"
73,"Zenith"
74,"Milestone Pictures"
75,"Connexion Film Productions"
76,"Second Son Publications"
77,"Distant Horizons"
78,"Kaijyu Theater"
79,"China Entertainment Films"
80,"Lukas B. Productions"
81,"Maverick Picture Company"
82,"Metrodome Films"
83,"Portman Productions"
84,"August Fire Productions, Inc."
85,"Miramax Films"
86,"Lakeheart"
87,"First Choice"
88,"Citadel"
89,"Cinemabeam"
90,"Long Shong Pictures"
91,"Shouchiku Co."
92,"Nu Image"
93,"Kaga Bay"
94,"Cinergi Productions"
95,"Alpilles Productions"
96,"Antena 3 Televisión [es]"
97,"A-Pix Entertainment Inc."
98,"Lavender Circle Mob / Lauran Hoffman"
99,"Republic Pictures Corporation"
100,"Action Films"
101,"Capella International"
102,"Park Avenue Productions"
103,"Jet Tone Production Co."
104,"Drive-In Classics"
105,"Dalton Films"
106,"August Entertainment"
107,"FM Entertainment International N.V."
108,"Avondale Pictures"
109,"Penn-Eden West Pictures Inc."
110,"Audiofilm"
111,"Lippert Pictures Inc."
112,"Fine Line Features"
113,"Pink Pineapple"
114,"General Media Entertainment"
115,"Group 1 Films"
116,"Alliance Entertainment"
117,"Sony Pictures Classics"
118,"New Line Cinema"
119,"Kwai River"
120,"Hillwood Entertainment Film Group, Inc."
121,"Front Films"
122,"Showtime Networks Inc."
123,"Can I Watch"
124,"Fontana Productions"
125,"Fallingcloud"
126,"Citadel Entertainment"
127,"Spelling Films International"
128,"Parallax Pictures, Ltd."
129,"NU World Services"
130,"Close Call Films"
131,"Grandview Avenue Pictures"
132,"Caroli Pictures"
133,"IRIS Films"
134,"House & Moorhouse Films"
135,"Avrora Media"
136,"Frontier Pictures"
137,"Kino Link Company"
138,"Arthur Pictures"
139,"Argentina Espanola"
140,"Avalon Studios"
141,"Yung & Associate"
142,"Tapestry Films"
143,"Mosiac Films"
144,"Electric Pictures"
145,"Allarcom Pay Television Limited"
146,"Sidonie"
147,"Sims & Wilding Production"
148,"Samuel Goldwyn Company"
149,"West Side Studios"
150,"Norstar Entertainment Inc."
151,"PM Entertainment Group Inc."
152,"PolyGram Filmed Entertainment"
153,"Viacom Productions Inc."
154,"NFH Productions"
155,"Cabin Fever Entertainment Inc."
156,"Win-Tone Productions"
157,"Great Sum Film Limited Partnership"
158,"Cineville Inc."
159,"Century Film Partners Inc."
160,"Nelson Entertainment"
161,"London Lighthouse"
162,"Ice Films"
163,"Studio Trite"
164,"Trimark Pictures"
165,"Home Box Office (HBO)"
166,"New Light Films"
167,"Sheen Productions Inc."
168,"Rysher Entertainment"
169,"Morgan Creek Productions"
170,"Falcon Films"
171,"IRS Media"
172,"Castle Rock Entertainment"
173,"Chanticleer Films"
174,"Playhouse International Pictures"
175,"Atlas Entertainment"
176,"Vanguard International Cinema"
177,"Anne Frank House"
178,"Bard Entertainments"
179,"Imagine Entertainment"
180,"Dimension Films"
181,"Paramount Television"
182,"Donner/Schuler-Donner Productions"
183,"American Independent Productions"
184,"Hess/Kallberg Productions"
185,"British Screen Productions"
186,"Beacon Communications LLC"
187,"Back of Beyond Films"
188,"Second Alarm Film Partnership"
189,"Don Simpson/Jerry Bruckheimer Films"
190,"Island Pictures"
191,"The Movie Group"
192,"Beyond Pictures Inc."
193,"Caravan Pictures"
194,"Private Screenings"
195,"Beyond Films"
196,"Torchlight Entertainment"
197,"Filmagic Pictures"
198,"Daban Films Inc."
199,"Skreba Films"
200,"Pacific Motion Pictures Corporation"
201,"Autumn Winds Productions"
202,"Leucadia Film Corporation"
203,"Brothers McMullen Productions"
204,"Harry Palmer Productions, Limited"
205,"Keystone Film Partners III, L.P."
206,"Prototype Productions, Inc."
207,"Bush Entertainment, Inc."
208,"Finnegan's Wake Production"
209,"Dora"
210,"De Fina-Cappa"
211,"Full Moon Enterprises"
212,"New City Releasing"
213,"The Königsberg Company"
214,"Constelacion Films, SA de CV"
215,"Lantana"
216,"Asylum Films"
217,"Canal+ España [es]"
218,"40 Acres & a Mule Filmworks"
219,"S.T.P. International Inc."
220,"Motion Picture Corporation of America (MPCA)"
221,"The Shooting Gallery"
222,"New Regency Pictures"
223,"Bluestem Films"
224,"Alpine Pty Limited"
225,"Island World"
226,"Beckner/Gorman Productions"
227,"Shadow Shows"
228,"Buena Vista Pictures"
229,"Third Coast Limited"
230,"The Image Organization"
231,"Havoc"
232,"Dlin Film Productions"
233,"Fugitive Features"
234,"F.Y.D.O.E. Films"
235,"Evzen Kolar Productions"
236,"Dark Matter Productions"
237,"Aurora Films Ltd."
238,"Silverline Pictures"
239,"Clinica Estetico"
240,"Auntie Em Productions, Inc."
241,"Green Communications"
242,"Taughannock Entertainment"
243,"Blurco"
244,"All Media Inc."
245,"Wilshire Court Productions"
246,"Rastar/Leider-Shapiro"
247,"New Horizon Picture Corp"
248,"Electra Film Productions Inc."
249,"Monarchy Enterprises B.V."
250,"Digital Arts"
251,"Ellipse"
252,"Silver Pictures"
253,"CBS Entertainment Production"
254,"Met Productions, Inc."
255,"Sandollar Productions"
256,"Merchant-Ivory Productions"
257,"Cine Cut Films Inc."
258,"Westcom Entertainment Group"
259,"Signboard Hill Productions"
260,"Contact Films"
261,"A Band Apart"
262,"Theodore Thomas Productions"
263,"Crimson Productions"
264,"Alcor Films"
265,"Axis Films International"
266,"Full Body Productions, Inc."
267,"Hollywood Pictures"
268,"Les Films Flam"
269,"Mystique Films Inc."
270,"Jersey Films"
271,"Overseas FilmGroup"
272,"Danjaq Productions"
273,"Wayne Films"
274,"Charles Matthau-Jerry Tokofsky-John Davis Producti"
275,"J&M Entertainment"
276,"Lancaster Gate"
277,"Suftley"
278,"Halloween VI Productions"
279,"Sunset Films International"
280,"James Shavick Film Company"
281,"Cypress Films"
282,"American Zoetrope"
283,"Forward Pass Inc."
284,"Available Light"
285,"Cine Grande Corporation"
286,"Astral Programming Enterprises"
287,"Cinevest Entertainment Group"
288,"Ben/Bar Prods."
289,"Egg Pictures"
290,"Maple Ridge Films"
291,"Bayside Pictures"
292,"Davis Entertainment"
293,"CEC"
294,"David M. Goldstein Productions"
295,"End Productions"
296,"Magic Hour Pictures"
297,"Abby Mann Productions"
298,"creativ"
299,"Carnival Films"
300,"Dualstar Productions"
301,"Full Moon Entertainment"
302,"Addis Wechsler Pictures"
303,"Cinergi"
304,"Interscope Communications"
305,"TriStar Pictures"
306,"Kings Road Entertainment"
307,"Cameo Films"
308,"Curb Entertainment International"
309,"Cinevega"
310,"Laurel Entertainment"
311,"CPV Productions Inc."
312,"Apogee Films Venture"
313,"Carolco Pictures"
314,"Jagtoria Films"
315,"Arama Entertainment"
316,"Initial Productions"
317,"JDI Productions"
318,"Seraphim Films"
319,"HollyDream Productions"
320,"Cinnamon Productions"
321,"Touchstone Pictures"
322,"Oxford"
323,"Alphaville Films"
324,"Glace Bay Pictures"
325,"Fa Kessler Heinlein"
326,"Carousel"
327,"Magnolia Pictures"
328,"Tigertail Flicks"
329,"Anuline"
330,"Lodge Productions"
331,"Diane Ladd Inc."
332,"Southern Star Studios"
333,"Savoy Pictures"
334,"Mr. E Productions, Inc."
335,"Itasca Pictures"
336,"Filmwerks"
337,"Never Talk To Strangers Productions"
338,"Royal Oaks Entertainment"
339,"Amritraj Premiere Entertainment"
340,"1492 Pictures"
341,"First Look Pictures Releasing"
342,"First Independent Films, Ltd."
343,"Ark Films Inc."
344,"Live Entertainment"
345,"MTE"
346,"Black Entertainment Television (BET)"
347,"Punch Productions"
348,"Cicada Films"
349,"Magic Carpet Films Ltd."
350,"Cecile Films"
351,"Playboy Entertainment Group Inc."
352,"Wildcat Entertainment"
353,"Rojak Films"
354,"Cinevu Films"
355,"Via Lido Films"
356,"EGM Film International"
357,"Cornerstone Films of America"
358,"Chako Films International"
359,"Davian Productions International"
360,"Pioneer Pictures Corporation"
361,"Chris/Rose Productions"
362,"Trimedia Productions, Inc"
363,"Avenue Pictures Productions"
364,"Bayly/Paré Productions"
365,"Talisman Production"
366,"Conquering Lion Productions"
367,"129 Productions"
368,"Constellation Films"
369,"Conquistador Entertainment"
370,"Allied Stars"
371,"Autumn Pictures"
372,"Artist View Entertainment"
373,"1992 Number Four Limited Partnership"
374,"Jupiter Entertainment"
375,"Inferno Productions"
376,"Castel Films"
377,"ANA Productions"
378,"MGM Television"
379,"5 Kidd Productions"
380,"Emshell Producers"
381,"Eurospace"
382,"Solitaire Production"
383,"Intrinsica Films"
384,"Spring Creek Productions"
385,"Concorde"
386,"Chicago Pacific Entertainment"
387,"Lightstorm Entertainment"
388,"Capcom Entertainment"
389,"Jungle Law Productions, Ltd."
390,"Constellation"
391,"Imperial Entertainment"
392,"AFCL Productions"
393,"Arrowhead Entertainment"
394,"Painted Fence Productions"
395,"Gibraltar Entertainment"
396,"Pro Filmworks"
397,"Regency Enterprises"
398,"Axis Films International/Davis Joint Venture"
399,"Hachette Fillpacchi Productions"
400,"Sciarlò [it]"
401,"Cyberfilms, Inc."
402,"Telescope Films"
403,"Justin Pictures"
404,"Midnight Kiss Production, Inc."
405,"Ann Daniel Films"
406,"Applause Films"
407,"Planet Productions"
408,"Suburban Pictures"
409,"Crucial Pictures"
410,"The Zanuck Company"
411,"Telescene Film Group Productions"
412,"Vista Street Entertainment"
413,"Courier Film Studios"
414,"Alpha Films"
415,"Eurimages Fund of the Council of Europe"
416,"Logo Entertainment"
417,"Avenging Conscience"
418,"Carrie Productions, Inc."
419,"Canned Pictures Inc."
420,"Maui Heat Productions"
421,"Majestic Films International"
422,"NEO Motion Pictures"
423,"Eleventh Street Production"
424,"World Productions"
425,"Geffen Pictures"
426,"Juno Pix"
427,"Barnstorm Entertainment"
428,"Lee Rich Productions"
429,"Zeta Entertainment Ltd."
430,"B.O.P. Films"
431,"Midnight Heat Productions"
432,"Hit Entertainment"
433,"Molecular Films"
434,"Boston Films"
435,"Dino De Laurentiis Productions"
436,"JVC Entertainment Inc."
437,"Hallmark Hall of Fame Productions"
438,"Eurimages"
439,"Communicado Productions"
440,"RKA Cinema Creations"
441,"Brillstein-Grey Productions"
442,"C.F.I. Productions"
443,"Anasazi"
444,"Hallmark Entertainment"
445,"Cinetel Films"
446,"Cinehaus"
447,"Cinema Products Video"
448,"Cinema Visuals Film"
449,"Afros & Bellbottoms Productions"
450,"Rev Kids"
451,"School of the Visual Arts, New York"
452,"Meridian"
453,"Fox 2000 Pictures"
454,"Astoria Productions Ltd."
455,"European Media Program"
456,"Adelson Entertainment"
457,"Pavlic-Raimondi Pictures"
458,"Bad Bird Productions"
459,"Barry Weitz Films"
460,"Section Eight Ltd."
461,"Avnet/Kerner Productions"
462,"AGATE Films"
463,"Renaissance Pictures"
464,"Trick Productions"
465,"Blackwood Communications, Inc."
466,"ABC Productions"
467,"Langley Productions Inc."
468,"Homegrown"
469,"Film Corporation"
470,"Joe Wizan/Todd Black"
471,"Annabel Productions"
472,"Lethal Intent Productions"
473,"Longview Entertainment"
474,"Bluehawk Films"
475,"Haft Entertainment"
476,"Walden Woods Film Company, Ltd."
477,"Paulist Pictures"
478,"The Ministry of Film, Inc."
479,"Cinergi Pictures Entertainment"
480,"Exit In Red Productions, Inc."
481,"Surrender Cinema"
482,"Butcher's Run Films"
483,"Mandalay Entertainment"
484,"Tomsen Films"
485,"Chestnut Hill Productions"
486,"France Film"
487,"C&P Productions"
488,"Road Movies Dritte Produktionen"
489,"Sheen Communications"
490,"Robert Lawrence Productions"
491,"15 Black Men"
492,"Price"
493,"KRRWH Inc."
494,"Boomer Pictures"
495,"Seagal/Nasso Productions"
496,"Cappa Production"
497,"Kushner-Locke Company"
498,"Jim Henson Productions"
499,"Wicked Pictures"
500,"Nickelodeon Movies"
501,"Red Ball Productions"
502,"Slough Pond"
503,"Pratt Films"
504,"Griffin"
505,"Chrysalis Films International"
506,"Arena"
507,"GreeneStreet Films Inc."
508,"Martin Pope Productions"
509,"Neo Productions"
510,"Timedial Films"
511,"Boxer Films"
512,"Alterian Studios"
513,"Duchowny Dow Films"
514,"City Block Productions Inc."
515,"Allied Filmmakers"
516,"Gracie Films"
517,"Det Danske Filminstitut"
518,"Heaven's Gates Inc."
519,"Bandeira Entertainment"
520,"Trillion Entertainment"
521,"Global Entertainment Network, Inc."
522,"Mirabai Films"
523,"Sandcastle 5 Productions"
524,"Breakheart Films"
525,"Boneyard Film"
526,"Biograf Jan Sverak"
527,"Byronic Pose"
528,"Lone Wolf"
529,"Northolme Entertainment"
530,"Allied Entertainments"
531,"BMG Independents"
532,"The Noel Gay Motion Picture Company"
533,"Devin Entertainment"
534,"Planet Production Corp."
535,"Forge"
536,"Cinema 7"
537,"Jan Chapman Productions"
538,"Legacy"
539,"Dreyfuss/James Productions"
540,"Cinetopia Productions"
541,"Pope Productions"
542,"Price Entertainment"
543,"Perseverance Inc."
544,"Tropical Studios Maui Inc."
545,"Lifenet Productions"
546,"Adam et Eve"
547,"Skyline Entertainment Partners"
548,"Barwood Films"
549,"Cruise-Wagner Productions"
550,"Nick of Time Productions, Inc."
551,"Moving Target Film Productions Ltd."
552,"Hayes McElroy"
553,"Mandeville Films"
554,"A&M Films"
555,"Largo Entertainment"
556,"Peters Entertainment"
557,"Once and Future Films"
558,"Just Ducky Productions"
559,"First Corps Endeavors"
560,"NDG Productions"
561,"BET Pictures"
562,"Po' Boy Productions"
563,"Panther Productions, Inc."
564,"East & West Productions"
565,"Leather Stockings Productions"
566,"Promark Entertainment Group"
567,"Boam Productions"
568,"Connection III Entertainment Corp."
569,"Hit Entertainment Inc."
570,"American World Pictures"
571,"Altar Rock Films"
572,"TWS II Productions"
573,"Otherstream Entertainment"
574,"Prescott-Jones"
575,"Applecreek Communications, Inc."
576,"Market Square Productions"
577,"Shostak/Rossner Productions"
578,"Orenda Films"
579,"Dayton Studios"
580,"Good Machine"
581,"Califilm"
582,"DiC Enterprises"
583,"Algonquin Productions Limited"
584,"Baltimore Pictures"
585,"Billy MacKinnon"
586,"Millennium Multimedia"
587,"Kinema Films de Mexico"
588,"Redhead Films"
589,"Gary Hoffman Productions"
590,"Courtside Seats Productions"
591,"Spill Film Productions Ltd."
592,"The Black Entertainment Network"
593,"Jeremy Thomas Productions"
594,"Goldbar Entertainment"
595,"Night Storms Productions, Inc."
596,"Devils Playground Inc."
597,"Dinamo Entertainment"
598,"Appledown Films Inc."
599,"Concrete Films"
600,"Sweetheart Deal Inc."
601,"Independent Pictures"
602,"B Just Productions, Inc."
603,"Green Parrot"
604,"Davids & Mills Productions"
605,"Rastar Pictures"
606,"Stampede Entertainment"
607,"Power Pictures"
608,"Troma Entertainment Inc."
609,"Universal TV"
610,"Amritraj/Stevens Entertainment"
611,"D.A. Films"
612,"All Night Productions"
613,"Avatar Entertainment"
614,"Cameo Films, Inc."
615,"Bergman Lustig Productions"
616,"Tozart Publishing, Inc."
617,"DAS Films Ltd."
618,"Clipsal Films"
619,"Marketing Media Corporation"
620,"360 Entertainment"
621,"Neufeld Rehme Productions"
622,"Shelty Company Limited"
623,"De Passe Entertainment"
624,"PMP Legacy Productions"
625,"Lakeshore Entertainment"
626,"American Broadcasting Company (ABC)"
627,"Scala Films"
628,"Brad Krevoy & Steve Stabler production"
629,"Elysian Dreams"
630,"Equicap"
631,"Airboss L.P."
632,"Baldini Pictures"
633,"Decatur-Staley Productions"
634,"DreamWorks SKG"
635,"Premiere Entertainment Productions"
636,"Red Hat Productions"
637,"Icon Entertainment International"
638,"Berk/Schwartz/Bonann Productions"
639,"Ocean Avenue Productions, Inc."
640,"Davis Entertainment Classics"
641,"Vela X"
642,"High School Sweethearts"
643,"Subutopian Films, Inc."
644,"Ask Kodansha Company Ltd"
645,"Dog Eat Dog Films"
646,"Palm Entertainment"
647,"CIPA"
648,"Stewart Pictures"
649,"Blood & Wine Productions"
650,"Ark Pictures"
651,"Media of Medias"
652,"Ghoulardi Film Company"
653,"Hell's Kitchen Films"
654,"OB&D Films"
655,"Crystal Sky Communications"
656,"Greenlight Productions"
657,"Starz! Pictures"
658,"Campfire, LLC"
659,"Matrix Film & Television Partnership"
660,"Saban Entertainment Inc."
661,"DiTocco Productions"
662,"Initial Entertainment Group (IEG)"
663,"NDF International"
664,"Goldcrest Films, Ltd."
665,"Baumgarten-Prophet Entertainment"
666,"Northern Lights Entertainment"
667,"South Side Amusement Company"
668,"Shooting Star Pictures"
669,"Across the River Productions"
670,"Full Moon Pictures"
671,"ASQA Film Partnership"
672,"Cube Libre"
673,"Harris & Company"
674,"Gee Pee Films Pvt. Ltd."
675,"Pacific Western"
676,"Morgan Hill Films"
677,"Mediaworks Inc."
678,"MDP Worldwide"
679,"DDC Denver"
680,"Jean Doumanian Productions"
681,"Paramount Network Television Productions"
682,"Kopelson Entertainment"
683,"Mendillo/Form Productions"
684,"Imagination Productions"
685,"Cypher Productions, Inc."
686,"Art Linson Productions"
687,"Allied Films"
688,"Hallmark Productions Inc."
689,"Ciby Pictures"
690,"HBO Films"
691,"D Vision"
692,"Golar Productions"
693,"Cyclone Productions"
694,"Daigoro Face Productions Ltd"
695,"Douglas/Reuther Productions"
696,"Octillion Entertainment"
697,"Wildgaze Films"
698,"Forensic Films"
699,"First Entertainment Llc"
700,"Doreen Productions"
701,"Great Oaks Entertainment"
702,"Pennant Productions"
703,"Sheinberg Productions"
704,"Columbia TriStar Television"
705,"Redwave Films"
706,"L. Driver Productions"
707,"Canal Plus Image International"
708,"A&B Producoes, Lda."
709,"Kouf/Bigelow Productions"
710,"Amritraj Entertainment Inc."
711,"Be Gentlemen Limited Partnership"
712,"Star Pacific Cinema"
713,"Emotion Pictures"
714,"Dayjob Films"
715,"Bounty Films Production Ltd."
716,"Concorde Pictures"
717,"Edmonds Entertainment"
718,"Brothers in Arms"
719,"Storm Entertainment"
720,"AMCO Entertainment Group"
721,"Walt Disney Pictures"
722,"United Artists Pictures, Inc."
723,"Dee Gee Entertainment"
724,"Def Pictures"
725,"Giv'en Films"
726,"Italtoons"
727,"Easkel Media"
728,"Fox Searchlight Pictures"
729,"Spats, Inc."
730,"Dan Redler Entertainment"
731,"Fair and Square Productions"
732,"Frederick Zollo Productions"
733,"Foxboro Company Productions"
734,"White Cross Pictures"
735,"April Productions"
736,"Guild"
737,"British American Entertainment"
738,"Pacific Film and Television Commission"
739,"Almerica Film"
740,"Bonaparte Films"
741,"Empire Pictures"
742,"Pan Am Pictures"
743,"ICON Entertainment Media"
744,"Bonnie Raskin Productions"
745,"Capitol Films"
746,"Bill Bennett Productions"
747,"Korsala Productions"
748,"Everest Entertainment"
749,"Blueline Productions"
750,"Bates Entertainment"
751,"Toledo Pictures"
752,"JKG Productions"
753,"Robert Simonds Productions"
754,"Trinity Pictures"
755,"North Branch Entertainment"
756,"Felder Pomus Entertainment"
757,"Jazz Pictures"
758,"Bangor Films"
759,"LAC, LP"
760,"Van Peebles Films"
761,"Asymmetrical Productions"
762,"Cinewest"
763,"Mikado Films"
764,"Jones Film"
765,"Krost/Chapin Productions"
766,"Clyde Is Hungry Films"
767,"D.V. Capital Entertainment"
768,"Coleman-Breen"
769,"Dream Entertainment Inc."
770,"Arnold Kopelson Productions"
771,"Demitri Samaha Productions"
772,"I.Q. Entertainment"
773,"M.O.D. Productions, Inc."
774,"Polar Productions"
775,"Lelia Films"
776,"Byars-Dudelson"
777,"Good Film Company"
778,"Shoreline Entertainment"
779,"Dean Hargrove Productions"
780,"Melting Pot Productions"
781,"Gideon Productions"
782,"Blue Horizon"
783,"Anasazi Productions"
784,"Allott Productions"
785,"Ivory Way Productions"
786,"DeMartini/Anderson Productions"
787,"Joel Castleberg Productions"
788,"Irish Screen"
789,"Predawn Productions"
790,"Image International"
791,"Eureka Pictures"
792,"Allegro Film Productions III Inc."
793,"Cobalt Films"
794,"New Amsterdam Entertainment Inc."
795,"Way Down East Productions"
796,"Seaside Productions"
797,"Colorado Films"
798,"Back Alley Film Productions"
799,"Daniel L. Paulson Productions (DLP Productions)"
800,"Chelsey Avenue Productions"
801,"Columbia Pictures Television Trading Company"
802,"Good Fear"
803,"Laureate Productions"
804,"Brook Drive Films"
805,"Frequency Films"
806,"Roland Films"
807,"Filmline International Inc"
808,"Alexander Tabrizi Productions"
809,"The Bubble Factory"
810,"Dogstar Films"
811,"Puny But Loud Productions, Inc."
812,"Minefield Productions, Inc."
813,"Interlight"
814,"CineTel Pictures"
815,"Balzer International Films, Ltd. (BIF, Ltd.)"
816,"Compagnie Est-Ouest"
817,"Showtime Pictures"
818,"Turner Entertainment"
819,"Stu Segall Productions Inc."
820,"Famous Players"
821,"Cohiba Pictures"
822,"Aslan Productions"
823,"World Wide Pictures Inc. (WWP)"
824,"Hartbreak Films"
825,"Michael R. Joyce Productions"
826,"Evergreen Entertainment"
827,"Boys Next Door Productions, Inc."
828,"New Deal Productions"
829,"Goldbar International"
830,"David Brown/Robert Evans Production"
831,"Doradel Pictures"
832,"Daniel Andreu-Von Euw"
833,"Mildred Prods."
834,"Esparza/Katz Productions"
835,"Berryer Films"
836,"Applecross"
837,"Gray Star Pictures"
838,"Apple Creek Productions"
839,"Clyde Is Hungry Productions"
840,"Good Dog Productions LLC"
841,"Gruber Bros"
842,"De/Center Communications Inc."
843,"All Net Productions"
844,"Five Mile River Films Ltd."
845,"Goldcrest Films International"
846,"Jasmine Productions Inc."
847,"Manny Coto Productions"
848,"Flan de Coco Films"
849,"The Pacific Trust"
850,"Big Bug Pictures"
851,"Quincy Jones-David Salzman Entertainment"
852,"Slingshot Productions"
853,"Ego Film Arts"
854,"Phoenix Pictures"
855,"Adventure Films"
856,"All Girl Productions"
857,"Balzac's Shirt"
858,"MCA Television Entertainment Inc."
859,"C.N.M. Entertainment Ltd."
860,"Millennium Films Inc."
861,"Deadly Dilletantes"
862,"Banner Entertainment"
863,"Credo Entertainment Group"
864,"Craig Anderson Productions Inc."
865,"Below The Belt Entertainment"
866,"Bigel/Mailer Films"
867,"Chelsea Pictures"
868,"Fox Television Network"
869,"Jerry Weintraub Productions"
870,"Unified Film Organization LLC (UFO)"
871,"Law Brothers Entertainment"
872,"Alchemy Filmworks"
873,"Dragon Pictures"
874,"Cabin Creek Films"
875,"Pierre David"
876,"Shakey Pictures"
877,"Konigsberg/Sanitsky Company"
878,"Baton"
879,"Sacred Pools"
880,"Phoenician Films"
881,"Leeds/Ben-Ami Productions"
882,"Dollface"
883,"Fox Family Films"
884,"Culpan Productions LLC"
885,"Airspeed Productions Inc."
886,"Egmond"
887,"October Films"
888,"Coast Entertainment"
889,"DiNovi Pictures"
890,"Sociedad"
891,"Cascade Films"
892,"Chinese Bookie Pictures"
893,"Cloud Ten Pictures"
894,"Loud Mouse Productions Ltd"
895,"Apt Pupil Productions"
896,"Jerry Bruckheimer Films"
897,"Dominion Entertainment LLC"
898,"Spinnaker Films"
899,"Formation Films Production"
900,"Sandwedge Films"
901,"Zucker Brothers Productions"
902,"Showcareer Limited Production"
903,"Big Dog Films"
904,"York Entertainment"
905,"Kama'aina Film Partners"
906,"Amen Ra Films"
907,"Revolutionary Eye LLC"
908,"Mutual Film Company"
909,"The Zalman King Company"
910,"Short Fuse Films"
911,"Kingsize Entertainment"
912,"Midwinter Productions Inc."
913,"Ziehl & Zal"
914,"J&T Production"
915,"Muse Productions"
916,"Butter Films Inc."
917,"Back Seat Productions"
918,"Working Actress"
919,"Heller Highwater Productions"
920,"Sweetland Films"
921,"101st Street Films"
922,"Blue Rider Pictures"
923,"Discovery Entertainment"
924,"GFT Paquin Entertainment"
925,"Mi Sammy Productions"
926,"Filmforderung Hamburg"
927,"Click Productions"
928,"Caribou Pictures"
929,"Bedford Falls Productions"
930,"Karen Moore Productions"
931,"MTV Films"
932,"Calamari Pictures"
933,"HSX Films"
934,"Eaglepoint"
935,"North by Northwest Entertainment"
936,"7.23 Productions"
937,"Accent Entertainment Corporation"
938,"Dream for an Insomniac"
939,"Nation Sack Filmworks Production"
940,"GAGA Productions"
941,"La Junta"
942,"Movie Screen Entertainment"
943,"Producers Network Associates"
944,"Burman Entertainment"
945,"Focus Film"
946,"Fred Berner Films"
947,"Wave Video"
948,"Centros Digital Pictures"
949,"Nimbus Film A/S"
950,"Jumpstart Productions"
951,"Carousel Films"
952,"DMG Entertainment"
953,"A. Syncopy Films production"
954,"MGR Entertainment"
955,"TigerTiger Productions"
956,"Mindfire Entertainment"
957,"Rain Film"
958,"J & M"
959,"Enchanter Entertainment"
960,"Oh, Brother Productions, Inc."
961,"Regent Entertainment"
962,"Fox Family Channel"
963,"Hard Work Productions"
964,"Citadel Records"
965,"Lunatic Productions"
966,"Idea Entertainment"
967,"MPH Entertainment Productions"
968,"CDI"
969,"Gun for Hire Films"
970,"The Film Consortium"
971,"391 Productions"
972,"High Road Productions"
973,"Lakeshore International"
974,"Mastoff Films"
975,"Leo Productions"
976,"Killer Films"
977,"Alexander/Enright & Associates"
978,"Jennie Cinematografica"
979,"General Productions, Inc."
980,"First Cold Piece"
981,"Fertile Films Inc."
982,"Azoff Entertainment"
983,"Great Falls Productions"
984,"Knock Films AVV"
985,"Strength Ltd."
986,"Maurice Devereaux Productions"
987,"Hipcat Productions"
988,"Ken Lipper/June Beallor production"
989,"Cineplex"
990,"New Line Television"
991,"Edward R. Pressman Film Corporation"
992,"Moondog Productions"
993,"German Independents"
994,"Irwin Allen Productions"
995,"Apostle Pictures"
996,"Golden Shadow Pictures"
997,"Jaffilms"
998,"United Artists"
999,"CLT"
1000,"Banshee"
1001,"S&M Productions"
1002,"City Light Films"
1003,"Mas Macho, Inc."
1004,"USA Network Inc."
1005,"RKO Radio Pictures Inc."
1006,"Chaos Productions"
1007,"MDF Productions III"
1008,"MRG Entertainment"
1009,"Arrowhead Pictures"
1010,"Imagine"
1011,"Ship of Fools Productions"
1012,"A.A. Les Films Belge"
1013,"Wise Guy Productions"
1014,"Red-horse Native Productions"
1015,"Walt Disney Television"
1016,"Robbins Entertainment"
1017,"Panasia Films Production Company Ltd."
1018,"No Limit Films"
1019,"C.C. Bang Bang Productions Inc."
1020,"Cort/Madden Productions"
1021,"Patriot Pictures LLC"
1022,"Monarch Pictures"
1023,"Carrasco and Domingo Films"
1024,"Tradewinds Entertainment"
1025,"Heartland Motion Pictures"
1026,"Cinetel Film"
1027,"The Meyers/Shyer Company"
1028,"Apostle"
1029,"James Shavick Entertainment"
1030,"Blue Wolf"
1031,"Polar Entertainment"
1032,"Dikenga Films"
1033,"JD Productions"
1034,"Paradox Pictures"
1035,"Harvest Filmworks"
1036,"Hyperion Pictures"
1037,"Larger Than Life Productions"
1038,"Award Entertainment"
1039,"Pinoy Productions"
1040,"IFM Film Associates"
1041,"Forefront Films"
1042,"Triple Peak Productions"
1043,"Brillstein-Grey Entertainment"
1044,"Chaiken Films"
1045,"Artisan Entertainment"
1046,"Drilling Films"
1047,"FGM Entertainment"
1048,"Capital Arts Entertainment"
1049,"Angry Mob"
1050,"American Empirical"
1051,"Andell Entertainment"
1052,"Looking Glass Films"
1053,"LeFrak Productions"
1054,"Prosperity Electric"
1055,"Scanbox Entertainment"
1056,"Off Line Entertainment Group"
1057,"Mirage Enterprises"
1058,"ShadowCatcher Entertainment"
1059,"DeBart"
1060,"Moloney/Donnelly Productions"
1061,"Meridian Entertainment"
1062,"Sideshow Inc."
1063,"Buffalo Jump Productions"
1064,"Prophecy Pictures Ltd."
1065,"Conspiracy Entertainment"
1066,"Kelly's Eye Productions"
1067,"Backroad Film Corporation"
1068,"Snider Than Thou Productions Inc."
1069,"ChillStarr Pictures"
1070,"Redeemable Features"
1071,"Krasko Productions Inc."
1072,"7th Voyage"
1073,"Kan Zamia-a"
1074,"Adela Pictures"
1075,"Alta Vista Productions"
1076,"Division I Entertainment, Inc."
1077,"Gold Leaf Entertainment"
1078,"MTV Productions"
1079,"2nd Generation Films"
1080,"Fries/Schultz Film Group"
1081,"Catalyst Entertainment Production"
1082,"Original Film"
1083,"Film Office"
1084,"A Dan Lupovitz / Joe Simon Production"
1085,"Goldwyn Films"
1086,"Impulse Productions, Inc."
1087,"Evenmore Entertainment"
1088,"Anyway Productions"
1089,"Danger Inc."
1090,"Rhino Films"
1091,"Frankestein Entertainment"
1092,"Vexatious Films"
1093,"Fried Films"
1094,"Film Foundry Partners"
1095,"Parkway"
1096,"Gotham Entertainment"
1097,"Fleece"
1098,"Bel Age Distribution"
1099,"Jaret Entertainment"
1100,"Shades Productions, Inc."
1101,"Dirt Road Productions, King City"
1102,"Clear Stream Pictures"
1103,"Phoenician Entertainment"
1104,"CLT-UFA International"
1105,"Mutual Films International"
1106,"Bluemark Productions"
1107,"American Sterling Productions"
1108,"Illusion Entertainment"
1109,"Sterling Pacific Films"
1110,"Arlington Road Productions Corporation"
1111,"Mad Chance"
1112,"Dennis Hammer Productions"
1113,"Eric's Boy"
1114,"Ian Page Productions"
1115,"George Street Pictures"
1116,"Bad City Pictures LLC"
1117,"Tall Stories"
1118,"Rave Film Inc."
1119,"Jack Giarraputo Productions"
1120,"Franchise Pictures"
1121,"Crawford P.Inc."
1122,"Dog Ate My Script, Inc."
1123,"Blair Witch Film Partners"
1124,"Filmwave Pictures"
1125,"Cineblast Productions Inc."
1126,"Colomby/Keaton Productions"
1127,"B.D.S. Productions Inc."
1128,"Hart-Sharp Entertainment"
1129,"Flying Heart Films"
1130,"Rough Magic Films"
1131,"Cheerleader LLC"
1132,"Camouflage Productions Inc."
1133,"Charles O'Brien Productions"
1134,"Black Hawk Entertainment"
1135,"Ocelot Films, Inc."
1136,"Blue Yonder Films"
1137,"Film Colony"
1138,"Del Mar Productions"
1139,"Interpid Entertainment"
1140,"Shifty'z WorldWide Entertainment, inc."
1141,"Cinefile Productions"
1142,"Studios USA"
1143,"Eagle Rock Entertainment"
1144,"El Dorado Pictures"
1145,"Rampage Entertainment Inc."
1146,"Detonator Productions Inc."
1147,"Illusion Entertainment Group"
1148,"Lomax Productions"
1149,"Cradle Productions, Inc."
1150,"Green Moon Productions"
1151,"Longfellow Pictures"
1152,"BKS/Bates Entertainment"
1153,"Tomorrow Film Corporation"
1154,"Groucho III Film Partnership"
1155,"Angeltide"
1156,"Desperate, Inc."
1157,"Base 12 Productions"
1158,"Happy Madison"
1159,"Total Film Group"
1160,"Brook Stickleback Productions"
1161,"Woodbridge Films"
1162,"View Askew Productions"
1163,"ABS-CBN Entertainment"
1164,"Chritopher Milburn Production"
1165,"Amy Robinson Productions"
1166,"23 Frames LLC"
1167,"Candlelight Films"
1168,"Tuesday Night Movies, Inc."
1169,"Underdog Productions LLC"
1170,"Bona Fide Productions"
1171,"Concord Pictures"
1172,"Baldwin/Cohen Productions"
1173,"Foli Productions & Z Pictures"
1174,"BV Films International"
1175,"Dir International Films"
1176,"Daly-Harris Productions"
1177,"Natural Nylon Entertainment"
1178,"Ambridge Film Partnership"
1179,"Hobby Films"
1180,"THF Pictures"
1181,"The Cramer Company"
1182,"Ubiquitous Productions Inc."
1183,"Fever Productions Inc."
1184,"Final V Films"
1185,"Finding Kelly Films"
1186,"Tribeca Productions"
1187,"Cassava Films"
1188,"Gower Productions"
1189,"AJK"
1190,"Innerworld Pictures"
1191,"Centre Street Productions"
1192,"C.E.O. Films"
1193,"Synthetic Film Works"
1194,"Core Productions Inc."
1195,"JVC Entertainment"
1196,"3 Arts Entertainment"
1197,"One Sock Productions"
1198,"Toho Pictures Inc."
1199,"Gotham Entertainment Group"
1200,"Ajawaan Productions"
1201,"PolyGram Films International"
1202,"Cosgrove/Meurer Productions"
1203,"Marked Entertainment"
1204,"Bent Nail Productions"
1205,"Goldheart Pictures"
1206,"New Concorde"
1207,"Neal H. Moritz Productions"
1208,"Upstream Pictures"
1209,"Hitman's Run Productions"
1210,"Dark Castle Entertainment"
1211,"Fruit Salad Films"
1212,"Mama's Boys, L.L.C."
1213,"Stark Productions"
1214,"Fragile Films"
1215,"Kookmin Venture Capital"
1216,"Spyglass Entertainment"
1217,"Interceptors Productions, Inc."
1218,"Warner Bros. Animation"
1219,"Silver Sage Productions"
1220,"Crossroads Films"
1221,"i5 Films"
1222,"Blue Sky Studios"
1223,"Image Network"
1224,"49th Parallel"
1225,"Joyriders Productions, LLC"
1226,"Camellia Productions"
1227,"Danger Filmworks"
1228,"CineSon Productions"
1229,"Table 7 Productions"
1230,"Tokyo FM Broadcasting Company"
1231,"Fresh Produce Company"
1232,"Sturghill Productions"
1233,"Kimberly Productions Inc."
1234,"Armitage Pictures"
1235,"Scanbox Asia Pacific Ltd."
1236,"Digital Domain"
1237,"The Last Chance Picture Company"
1238,"Filmtown Entertainment"
1239,"Matrix Films"
1240,"Screenland Pictures"
1241,"Minna Street Flick Inc."
1242,"Ellen M. Krass Productions"
1243,"New Moon Productions"
1244,"Thump Productions"
1245,"Tungsten Pictures"
1246,"Green/Renzi"
1247,"Newmarket Capital Group LLC"
1248,"Gold/Basulto Entertainment"
1249,"Lured Innocence Productions Inc."
1250,"Amber Waves"
1251,"Decade Pictures"
1252,"Code Name"
1253,"Jubilee Pictures Corporation"
1254,"HAL Films"
1255,"Cineventa"
1256,"Anamorph Films"
1257,"Allan Scott Productions"
1258,"Earthbound Human Productions, Inc."
1259,"Groucho II Film Partnership"
1260,"Phyllis Carlyle Productions"
1261,"Bel Air Entertainment"
1262,"Moonstone Entertainment"
1263,"BLT"
1264,"Absolute Entertainment"
1265,"Morgan's Ferry Productions LLC"
1266,"Fourth Floor Pictures"
1267,"Kasdan Pictures"
1268,"Craven-Maddalena Films"
1269,"Big Productions"
1270,"Enigma"
1271,"Dark Horse Entertainment"
1272,"Bushwood Pictures"
1273,"Lunacy Unlimited Productions"
1274,"Kino Vision"
1275,"Hodcarrier Films"
1276,"Bookshop Productions"
1277,"Cubicle Inc."
1278,"Arthur Cohn Productions"
1279,"One Small Hero Incorporated"
1280,"Green/Epstein Productions"
1281,"Baby Productions"
1282,"Film Bridge International"
1283,"Maksla Productions"
1284,"Cherry Alley Productions"
1285,"New Skivvies Films"
1286,"Once Upon a Time Films"
1287,"Eagle Beach"
1288,"Abandon Pictures"
1289,"Suburban Filmworks Inc."
1290,"ACC Entertainment & Company"
1291,"Canarom Films"
1292,"Delta Entertainment"
1293,"Pirates Productions"
1294,"Shanghai'd Films"
1295,"Fish Eggs"
1296,"Integrity Pictures"
1297,"Progeny Films Inc."
1298,"Prophet's Productions"
1299,"Allied Entertainment Group"
1300,"3 Miles Apart Productions Ltd."
1301,"Red Bank Films"
1302,"Emerald Oceans Entertainment"
1303,"Varahonar Company"
1304,"John Aaron Productions"
1305,"Prophecy Partners Inc."
1306,"R&R Productions LLC"
1307,"Big Arty"
1308,"La Laterne Nationale"
1309,"Girl Next Door Productions"
1310,"Aspect Ratio Film"
1311,"Back County Productions"
1312,"Sibling Productions"
1313,"Hemisphere Entertainment"
1314,"Industrial Entertainment"
1315,"White Dwarf Productions"
1316,"Sun-Lite Pictures"
1317,"All That Productions"
1318,"Beagle II Productions"
1319,"Girl & Boy Productions"
1320,"The Kennedy/Marshall Company"
1321,"Soft Fruit"
1322,"STS Productions, Inc."
1323,"APT Productions"
1324,"Mountainair Films Inc."
1325,"Comedy Central"
1326,"Magic Entertainment, Inc."
1327,"Desperate Pictures"
1328,"C-Hundred Film Corporation"
1329,"Digital Facilities"
1330,"Stealth Fighter Pictures, Inc."
1331,"Indyssey Entertainment"
1332,"Joy Art, Inc."
1333,"Film Link Production"
1334,"Tenafly Film Company"
1335,"Bavarian Film and TV Fund"
1336,"Sanction Films, Inc."
1337,"Wolf Pictures"
1338,"Magnolia Productions"
1339,"VH1 Television"
1340,"Kang Je-Kyu Film Co. Ltd."
1341,"T41 Productions"
1342,"Film Incentive B.C."
1343,"Media Asia Films Ltd."
1344,"Koo & Cee Film"
1345,"Showtown Films, Inc."
1346,"Santa Monica Holdings"
1347,"Hawk's Nest Productions"
1348,"Centropolis Film Productions"
1349,"Irish DreamTime"
1350,"Hoyts Film Partnership"
1351,"Time Served Productions"
1352,"Tonik Productions"
1353,"Clear Blue Sky Productions"
1354,"GV Productions"
1355,"Upstart Pictures"
1356,"Brookwell McNamara Entertainment"
1357,"Malpaso Productions"
1358,"Spanky Pictures"
1359,"Free Range Films"
1360,"Tyrone Productions"
1361,"Horne Entertainment Inc."
1362,"Sterling Entertainment"
1363,"Gladiator Pictures"
1364,"Groucho Film Partnership"
1365,"Mitchum Entertainment"
1366,"501 Films"
1367,"Cape Fear Filmworks"
1368,"Sandblast"
1369,"St. Mortimer Productions, Inc."
1370,"Digital Anvil"
1371,"Diana Kerew Productions"
1372,"HBO NYC Productions"
1373,"Imar Film"
1374,"Lynda Obst Productions"
1375,"Adelaide Productions Inc."
1376,"Greengrass Productions"
1377,"PolyGram Television"
1378,"Ma & Pa Pictures"
1379,"20th Century Fox Television"
1380,"Altavista Films"
1381,"Animal Productions, LLC"
1382,"Astoria Partners"
1383,"Charter Films Inc."
1384,"Endemol Entertainment USA"
1385,"Crawford Communications"
1386,"Hav Faith Productions"
1387,"Battlefield Productions LLC"
1388,"Background Productions"
1389,"Destination Films"
1390,"DNA Pictures International"
1391,"Beautiful Films"
1392,"El Mar Pictures"
1393,"Newman/Tooley Films"
1394,"WT2"
1395,"Circle Films Inc."
1396,"West Island Productions"
1397,"BTC Productions KG"
1398,"Yucca Street, LLC"
1399,"Tex Mex Film Company"
1400,"Blue Moon Productions"
1401,"Avalanche Films"
1402,"Bootmen Productions (Hilary Linstead-Dein Perry)"
1403,"Big Ones Entertainment"
1404,"Harvest Pictures"
1405,"Columbia Pictures Television"
1406,"Punch 21 Productions"
1407,"Avenue R Films"
1408,"Little Brother Inc."
1409,"Romero-Grunwald Productions"
1410,"Foxtail Productions Inc."
1411,"Six Hundred Films"
1412,"Captured Productions, Inc."
1413,"Artic Productions LLC"
1414,"Avery Pix"
1415,"Chain of Command, Inc"
1416,"Chal Productions"
1417,"David Brown Productions"
1418,"Circus Pictures"
1419,"DB Entertainment"
1420,"Battleground Productions"
1421,"Telepiù [it]"
1422,"Alpine Pictures Inc."
1423,"Smokin' Dawgs"
1424,"North American Releasing"
1425,"George Litto Pictures"
1426,"G2 Films"
1427,"Christopher Johnson Company Ltd"
1428,"Mass Productions"
1429,"Film Three, L.P."
1430,"Cutting Edge Entertainment"
1431,"Liberator Productions"
1432,"StarRise Entertainment"
1433,"Gruber Films"
1434,"Twilight Entertainment"
1435,"Entertainment Capital Group PLC"
1436,"Golden Lion productions"
1437,"Open City Films"
1438,"Dr. T Inc."
1439,"Carfax Productions Ltd."
1440,"Visceral Pictures Inc."
1441,"Jersey Shore"
1442,"Alcon Entertainment"
1443,"Behaviour Worldwide"
1444,"Mediapro Pictures"
1445,"Furst Films"
1446,"Cinemax"
1447,"Fast Productions LLC"
1448,"Hard Eight Pictures"
1449,"Half Moon Entertainment"
1450,"3am Cinematic Escapes"
1451,"Sawmill Entertainment Corporation"
1452,"Amsell Entertainment"
1453,"Carter Productions LLC"
1454,"Indigo Entertainment Inc."
1455,"La Famiglia"
1456,"Zion Films"
1457,"BesoBeso Producciones"
1458,"Boneyard Entertainment"
1459,"415 Productions"
1460,"Dogwood Pictures Inc."
1461,"Fortis Films"
1462,"Accidental Productions"
1463,"Sept Films Cinema"
1464,"La Procirep"
1465,"Milk River Company"
1466,"Rosemont Productions Limited"
1467,"Davis-Panzer Productions"
1468,"Pathé Entertainment"
1469,"Atkinson Way"
1470,"Progress"
1471,"Kitchen Privileges Productions"
1472,"Lonsdale Productions"
1473,"Get Reel Productions"
1474,"Two Sticks Productions"
1475,"Michael O'Hara Productions"
1476,"Life Productions, Inc."
1477,"United Lotus Group"
1478,"Fireworks Pictures"
1479,"Sabine Films"
1480,"Flip Ship Films, Inc."
1481,"Picture Me Rollin' Productions"
1482,"Arancia Film"
1483,"Lobell/Bergman Productions"
1484,"Falstaff Films"
1485,"Annex Entertainment"
1486,"Nomad Pictures"
1487,"Bohemian Productions"
1488,"Panoptic Pictures"
1489,"Lifer Films"
1490,"Chester Films, Inc."
1491,"Shadowbox Pictures"
1492,"Tapestry Pictures"
1493,"One Vibe Entertainment"
1494,"Id Films"
1495,"Dogwood Entertainment Inc."
1496,"New City Productions"
1497,"Ciesla Foundation"
1498,"GPA Films"
1499,"Loch Raven Films"
1500,"Evolution Management"
1501,"Echo Productions"
1502,"Branti Film Productions"
1503,"Handprint Entertainment"
1504,"A Plus Entertainment"
1505,"July Street Entertainment"
1506,"Pandora Cinema"
1507,"Bits and Pieces Picture Co."
1508,"I Remember Productions, Llc"
1509,"Signal Hill Pictures LLC"
1510,"Pure Entertainment"
1511,"Red Violet Productions"
1512,"Critical Conditions Productions Inc."
1513,"More Dogs, Inc."
1514,"Concorde Anois Teo."
1515,"Hang Phim Truyen"
1516,"Malibu Pictures International"
1517,"Cinemax Reel Life"
1518,"Cell Block Productions Inc."
1519,"Cube Vision"
1520,"Y2G Entertainment, LLC"
1521,"FX SOUND"
1522,"Monochrome Films"
1523,"Blank Page Productions"
1524,"Cinema Gypsy Productions"
1525,"CBS Productions"
1526,"Griot Filmworks"
1527,"Black Wolf Productions"
1528,"Edgewood Films"
1529,"Charny/Strong"
1530,"Beech Hill Films"
1531,"Mariner Films"
1532,"Bakula Productions Inc."
1533,"Drifter Productions"
1534,"Budget Movies"
1535,"Centropolis Entertainment"
1536,"NCRV"
1537,"Up to Bat Productions"
1538,"Baltimore Spring Creek Productions"
1539,"SODEC"
1540,"The Photographer Company, LLC"
1541,"Comala Films Productions"
1542,"Kasuri Productions Inc."
1543,"Brant-Allen"
1544,"Entertainment Paradise Group"
1545,"Arthur E. Friedman Productions"
1546,"Anvil Productions Inc."
1547,"Tall Skinny Black Boy Productions"
1548,"Python Productions LLC"
1549,"Friction Factory"
1550,"District"
1551,"Mars Production Pty. Ltd."
1552,"Encore Media Group"
1553,"JLT Productions"
1554,"Homerun Productions"
1555,"D & S Screen Productions"
1556,"Columbia Pictures Film Production Asia"
1557,"Roof Top Entertainment"
1558,"Inverness Media"
1559,"Midnight Man II Productions"
1560,"5150 Productions"
1561,"C & A Productions"
1562,"Jackie Chan Films Limited"
1563,"Geoff Reeve Films"
1564,"Shrink Productions Inc."
1565,"DaWa Movies"
1566,"Improvision Corporation"
1567,"Citation Productions, LLC"
1568,"Skipped Parts Productions"
1569,"Cranium Films"
1570,"Inertia Entertainment"
1571,"International Production Company"
1572,"New Faction Pictures"
1573,"Film One"
1574,"ErgoArts"
1575,"Delta Deuce Films"
1576,"Cobwebster Corporation"
1577,"Spooky House Entertainment, LLC"
1578,"Mysterious Productions"
1579,"JAM Pictures LLC"
1580,"Giant Leap Entertainment"
1581,"Snake River"
1582,"Hubble Productions"
1583,"TV1000 AB"
1584,"B & H Entertainment"
1585,"Red Mullet Productions"
1586,"Rainforest Productions"
1587,"Caledonia Pictures"
1588,"Filbert Steps Productions"
1589,"Accidental Pictures"
1590,"Aaronson/Falk Productions"
1591,"Tycus Productions"
1592,"Blinding Edge Pictures"
1593,"Cavu Pictures"
1594,"Revelations Entertainment"
1595,"Creative Media Services"
1596,"Michael Allen Rissi Productions Inc."
1597,"Mirage Entertainment"
1598,"Commotion Pictures"
1599,"BMG Funhouse"
1600,"Chango Productions"
1601,"Aqaba Productions"
1602,"CTV"
1603,"Miracle Pictures"
1604,"Blump International Films"
1605,"Because Entertainment"
1606,"I'll Be You Productions"
1607,"Wind Dancer Productions"
1608,"Hi-Rez Films"
1609,"Asia Union Film & Entertainment Ltd."
1610,"Curtis Hanson Productions"
1611,"Coolbrook Media"
1612,"Industry Entertainment"
1613,"Ansley Films"
1614,"Doug Klein Productions"
1615,"Robocop Productions Ltd."
1616,"Virtuoso Worldwide Entertainment"
1617,"3000 Miles Productions"
1618,"Artists Production Group"
1619,"Firestorm Pictures"
1620,"Dan Valley Film AG"
1621,"Alchemy Pictures"
1622,"CityUnderground.com"
1623,"Weintraub/Kuhn Productions"
1624,"Face Productions"
1625,"Dream Merchant Pictures"
1626,"Liveplanet"
1627,"Eclipse Entertainment Group"
1628,"Angel Eyes Productions"
1629,"Hyde Park Entertainment"
1630,"Bazelevs Production"
1631,"Tse Tse Fly Productions"
1632,"Artsy Fartsy Pictures Inc."
1633,"Parker Film Company"
1634,"Fuller Films"
1635,"Brimstone Entertainment"
1636,"Lovestruck Pictures"
1637,"Big Bad Love LLC"
1638,"Crossbow 5 Entertainment"
1639,"Grupo Colombia"
1640,"Hannah Rachel Productions Services Ltd."
1641,"Go Film"
1642,"Firelight Films"
1643,"Blacklist Films"
1644,"Headquarters"
1645,"Campfire Stories, Inc."
1646,"Code Productions"
1647,"Carmen Productions"
1648,"Arroyo Pictures"
1649,"Pod Films"
1650,"Christopher Eberts Productions"
1651,"IFC Productions"
1652,"Westwood Artists International Inc."
1653,"Pax TV"
1654,"Bentornato Lorenzo Primavera Ltd."
1655,"Filmexperiment Company"
1656,"Soaring Eagle Productions"
1657,"Waldo West Productions"
1658,"Corky Productions Inc."
1659,"At 17 Films, Inc."
1660,"Bungalow Productions"
1661,"Free Hazel Films"
1662,"Insane Pictures"
1663,"Halsted Pictures"
1664,"Creature Features Productions LLC"
1665,"Pittmobile Productions, Inc."
1666,"Two Left Shoes Films"
1667,"Agi Orsi Productions"
1668,"De Line Pictures"
1669,"Further Films"
1670,"Adam Fields Productions"
1671,"Pathfinder Pictures"
1672,"Kumbaya Productions Inc."
1673,"Plum Creek Road Productions"
1674,"Champs Productions Inc."
1675,"Media Productions Incorporated"
1676,"DOS"
1677,"Broadway Pictures"
1678,"Purple Rose Productions"
1679,"The Montecito Picture Company"
1680,"NPV Entertainment"
1681,"Champs"
1682,"Handheld Productions"
1683,"Spellbinding Productions, LLC"
1684,"PorchLight Entertainment"
1685,"Mediastream Film"
1686,"Sneak Preview Entertainment"
1687,"Revere Entertainment"
1688,"InDigEnt (Independent Digital Entertainment)"
1689,"Chris Lee Productions"
1690,"Sandstorm Films"
1691,"New Legend Media"
1692,"American Entertainment"
1693,"Epsilon Motion Pictures"
1694,"Grindstone Pictures"
1695,"Thomas Edison Invention"
1696,"Artist Management Group"
1697,"Ignite Entertainment"
1698,"The Artists' Colony"
1699,"Triple Play Pictures"
1700,"Emmet/Furla Films"
1701,"Franchise Classics"
1702,"Goatsingers"
1703,"B9 Films"
1704,"Mainline Releasing"
1705,"Movida"
1706,"Silicon Valley Film Fund"
1707,"St. Anthony Films LLC"
1708,"Alex Entertainment Inc."
1709,"Mirador Films"
1710,"Spectrum Films International"
1711,"Beverly Detroit"
1712,"Polish Brothers Construction"
1713,"JHH Pictures"
1714,"Crystal Lake Entertainment Inc."
1715,"Black Knight Productions"
1716,"Stonelock Pictures"
1717,"AEI Entertainment"
1718,"Marc Platt Productions"
1719,"Bad Robot"
1720,"Lawrence Gordon Productions"
1721,"Konrad Pictures"
1722,"Amazon Film Productions"
1723,"Killer Bud Films, LLC"
1724,"Bombo Sports"
1725,"DMP Productions"
1726,"Current Entertainment"
1727,"Brad Zions Films"
1728,"Black and Blu Entertainment"
1729,"Lawrence Bender Productions"
1730,"Alter Ego"
1731,"Big Shark Productions LLC"
1732,"Landspeed Productions LLC"
1733,"Fries Film Group"
1734,"Venom Entertainment"
1735,"Winchester Films"
1736,"Piranah Pictures"
1737,"Winkler Films"
1738,"Happy Dagger Pictures"
1739,"Firefly Moon Entertainment"
1740,"Columbia TriStar Home Video"
1741,"PearlCam Productions"
1742,"Cité-Amérique"
1743,"Blow Up Pictures"
1744,"B-Luv Productions"
1745,"Cardiff Giant Productions"
1746,"Addison Street Films"
1747,"Cream Cheese Films"
1748,"Meat and Potatoes LLC"
1749,"Five Sisters Productions"
1750,"Karz Entertainment"
1751,"Dakota North Entertainment"
1752,"Brad Grey Pictures"
1753,"Medicine Show Productions"
1754,"Avrio Stoneridge Entertainment"
1755,"Delhi Dot Com"
1756,"Lee Daniels Entertainment"
1757,"Bazmark Films"
1758,"Carol Baum Productions"
1759,"Millbrook Farm Productions"
1760,"Sanford/Pillsbury Productions"
1761,"Five Minutes Before the Miracle"
1762,"Hughes Entertainment"
1763,"Foremost Entertainment Inc."
1764,"Chickie the Cop"
1765,"Doubble Troubble Entertainment"
1766,"Angel Ark Productions"
1767,"A Happy Place"
1768,"777 Films Corporation"
1769,"Conundrum Entertainment"
1770,"3Mark Entertainment"
1771,"Donners Company"
1772,"Curb Entertainment"
1773,"David Films"
1774,"New Gold Dream Pictures Inc."
1775,"Blue Thunder Films"
1776,"MainPix"
1777,"American Cinema International"
1778,"WFF"
1779,"District Films"
1780,"Frontline Entertainment Group"
1781,"Gebbia Entertainment"
1782,"Front Street Productions"
1783,"Latham Entertainment"
1784,"Big Pictures Entertainment"
1785,"Groundbreaking Films"
1786,"Iceman Productions"
1787,"Flower Films (Barrymore/Juvonen)"
1788,"Dean River"
1789,"Integrated Productions"
1790,"C-Dub Productions"
1791,"Better Safe Productions, Inc."
1792,"K2"
1793,"Eagle Point Production"
1794,"Second to Die, L.P."
1795,"Mitsubishi Commercial Affairs"
1796,"Simon Fields Productions"
1797,"Scout Productions"
1798,"Asiatic Films"
1799,"Star Overseas"
1800,"Our Way Productions"
1801,"After the Edge Films"
1802,"Ibex Productions"
1803,"Rebel Entertainment Inc."
1804,"Lost Soul Productions"
1805,"One-Tu-Three Productions Inc."
1806,"Stick Up Productions"
1807,"Gold Circle Films"
1808,"Tollin/Robbins Productions"
1809,"Broken Lizard Productions"
1810,"Freshway Productions"
1811,"Jonathan Krane Group"
1812,"Detour Film Production"
1813,"Cheater LLC"
1814,"Greisman Productions"
1815,"Echo Lake Productions"
1816,"13 Ghosts Productions Canada Inc."
1817,"Argyll Film Partners"
1818,"Eagle Cove Entertainment"
1819,"Samuel Goldwyn Films"
1820,"FR Production"
1821,"HanWay Films"
1822,"OG Productions (Gateway) Inc."
1823,"C4 Pictures"
1824,"City Heat Productions"
1825,"Cupid Productions Inc."
1826,"Cult Video"
1827,"SMK Limited"
1828,"American Film Partners II"
1829,"Crescent Entertainment Ltd."
1830,"Divine Pictures"
1831,"Antidote Films"
1832,"BPI Productions"
1833,"Boy Toy, Inc."
1834,"Middle Fork Productions"
1835,"Pendle View (WM) Limited"
1836,"Pimp Hand Productions"
1837,"Besame Mucho Pictures"
1838,"Bayonne Entertainment"
1839,"John Wilder Nightwatch Productions"
1840,"Painted Zebra Productions Inc."
1841,"Milo Productions"
1842,"After Dark Pictures Inc."
1843,"Highland Myst Films Limited"
1844,"Antwone Fisher Productions"
1845,"Broad Beach Productions"
1846,"Gratitude International"
1847,"Focus Puller Inc."
1848,"Cinema Holdings"
1849,"Elizabeth Cantillon Productions"
1850,"Urban Girl Productions"
1851,"Kintop Pictures"
1852,"Cherry Sky Films"
1853,"Jacobson Company"
1854,"Lafayette Films"
1855,"Cinemedia"
1856,"Peer Oppenheimer Production Inc."
1857,"Boat Trip LLC"
1858,"Babyhead Productions Inc."
1859,"Hypnotic"
1860,"Evergreen Productions"
1861,"Cinergy Films"
1862,"3 Ring Circus Films"
1863,"Frantic Redhead Productions"
1864,"Lumiere Productions"
1865,"Banyan Tree"
1866,"Birnbaum/Barber"
1867,"Humble Journey Films"
1868,"Animal Planet"
1869,"Filmco Enterprises Inc."
1870,"Darkwave Films"
1871,"Blockbuster Films"
1872,"Tempe Entertainment"
1873,"E.H. Filmes"
1874,"CineWild"
1875,"Redbear Films"
1876,"Kismet Entertainment Group"
1877,"Gran Via"
1878,"Orta-Mex Films"
1879,"S & S Productions"
1880,"Overt Operations"
1881,"Blue Tulip"
1882,"TBR Entertainment"
1883,"First Look Media"
1884,"Mystico Productions"
1885,"Quinta Communications"
1886,"Belhaven Limited"
1887,"Andrew Lauren Productions (ALP)"
1888,"Mystery Clock Cinema"
1889,"My Cactus"
1890,"Jersey Bred Productions"
1891,"Ghost Man on Third Productions"
1892,"Broomstick Entertainment"
1893,"Cheyenne Enterprises"
1894,"Cold Day Ltd."
1895,"Nickelodeon Animation Studios"
1896,"Homeroom LLC"
1897,"Jenkins Entertainment"
1898,"Scott Rudin Productions"
1899,"United Filmmakers Organization (UFO)"
1900,"C-2 Pictures"
1901,"Atlantic Streamline"
1902,"Dickhouse Productions"
1903,"Burg/Koules Productions"
1904,"First Light Production"
1905,"Universal"
1906,"Highway Films"
1907,"Tempe Video"
1908,"Mistral Pictures, LLC"
1909,"Collective Development Inc."
1910,"Antidote International Films Inc."
1911,"Capstone Pictures"
1912,"Universal Focus"
1913,"Low Key Productions"
1914,"Ramcity Productions"
1915,"2 Loop Films"
1916,"Serendipity Point Films"
1917,"Bedlam Pictures"
1918,"Double A Films"
1919,"Shangri-La Entertainment"
1920,"Catch 23 Entertainment"
1921,"DelFlix Pictures"
1922,"Filmstar Productions Inc."
1923,"Blue Magic Pictures"
1924,"Cartoon Network"
1925,"Material"
1926,"HBO Independent Productions"
1927,"Barber/Birnbaum"
1928,"Zide-Perry Productions"
1929,"Davis Films"
1930,"The Riff Productions"
1931,"Holedigger Films Inc."
1932,"Kingsgate Films"
1933,"Canyon Productions A.V.V."
1934,"ESPN"
1935,"FTM Productions"
1936,"Porter Productions"
1937,"Epsilon"
1938,"Halestorm Entertainment"
1939,"Galapagos Productions"
1940,"Renaissance Entertainment"
1941,"MBST Entertainment"
1942,"Artists Independent Network"
1943,"Brink Films"
1944,"Timewarp Films LLC"
1945,"Rimshot LLC"
1946,"Roc-a-fella Films"
1947,"All Nighter Inc."
1948,"CityScape Motion Picture Education"
1949,"Mace Neufeld Productions"
1950,"Anarchist's Convention Films"
1951,"Cobalt Media Group"
1952,"Creative Entertainment Group"
1953,"Dolly Hall Productions"
1954,"Ben's Sister Productions"
1955,"Incessant Barking Productions Inc."
1956,"Jesco Film Entertainment"
1957,"HSI Tomorrow Film"
1958,"Christiano Film Group"
1959,"Arnold Leibovit Entertainment"
1960,"Shaftesbury Mysteries 111 Inc."
1961,"Mandolin Entertainment"
1962,"Blue Train Productions"
1963,"Screen Gems Inc."
1964,"Myriad Pictures Inc."
1965,"Pop/Art Film Factory"
1966,"Crossfire Sound & Pictures"
1967,"Palisades Productions"
1968,"Gaylord Pictures"
1969,"Gaylord Films"
1970,"Klasky-Csupo"
1971,"Lion Rock"
1972,"Champion Entertainment Inc."
1973,"Transpacific Corp."
1974,"ABC-Greengrass Productions"
1975,"Core Prods. Inc."
1976,"David Ladd Films"
1977,"Fountain Productions"
1978,"Dirty Hands Productions"
1979,"Mepris Films"
